ISBN	Part No.
ISBN 978-1-61954-912-8	#A
ISBN 978-1-61954-333-1	#A
ISBN 978-1-61954-904-3	#A
ISBN 978-1-61954-914-2	#A
ISBN 978-1-61954-911-1	#A
ISBN 978-1-61954-499-4	#A
ISBN 978-1-61954-710-0	#A
ISBN 978-1-61954-460-4	#AS
ISBN 978-1-61954-398-0	#AS
ISBN 978-1-61954- 887-9	#AS
ISBN 978-1-61954-208-2	#AS
ISBN 978-1-61954-395-9	#AS
ISBN 978-1-61954-789-6	#AS
ISBN 978-1-61954-906-7	#AS
ISBN 978-1-61954-394-2	#AS
ISBN 978-1-61954-396-6	#AS
ISBN 978-1-61954- 885-5	#AS
ISBN 978-1-61954- 888-6	#AS
ISBN 978-1-61954-638-7	#AS
ISBN 978-1-61954-824-4	#AS
ISBN 978-1-61954-489-5	#ASA-
ISBN 978-1-61954-808-4	#ASA-20-FAR-AMT
ISBN 978-1-61954-812-1	#ASA-20-FAR-AMT2X
ISBN 978-1-61954-809-1	#ASA-20-FAR-AMTEB
ISBN 978-1-61954-811-4	#ASA-20-FAR-AMTPD
ISBN 978-1-61954-803-9	#ASA-20-FAR-FC
ISBN 978-1-61954-807-7	#ASA-20-FAR-FC2X
ISBN 978-1-61954-804-6	#ASA-20-FAR-FC-EB
ISBN 978-1-61954-806-0	#ASA-20-FAR-FC-PD
ISBN 978-1-61954-802-2	#ASA-20-FR-AM2X
ISBN 978-1-61954-798-8	#ASA-20-FR-AM-BK
ISBN 978-1-61954-799-5	#ASA-20-FR-AM-EB
ISBN 978-1-61954-801-5	#ASA-20-FR-AM-PD
ISBN 978-1-56027-589-3	#ASA-8081-15A
ISBN 978-1-61954-043-9	#ASA-8081-16B
ISBN 978-1-56027-779-8	#ASA-8081-4E
ISBN 978-1-61954-189-4	#ASA-8081-5F.7 
ISBN 978-1-56027-965-5	#ASA-8081-6DM
ISBN 978-1-56027-964-8	#ASA-8081-6DS
ISBN 978-1-56027-780-4	#ASA-8081-9D
ISBN 978-1-56027-976-1	#ASA-8081-AMT-4
ISBN 978-1-56027-976-1	#ASA-8081-AMT-4
ISBN 978-1-56027-725-5	#ASA-8081-SPORT
ISBN 978-1-56027-725-5	#ASA-8081-SPT-PD
ISBN 978-1-61954-496-3	#ASA-8082-22
ISBN 978-1-61954-497-0	#ASA-8082-22-PD
ISBN 978-1-61954-104-7	#ASA-8083-13A
ISBN 978-1-61954-106-1	#ASA-8083-13A-2X
ISBN 978-1-61954-105-4	#ASA-8083-13A-PD
ISBN 978-1-61954-022-4	#ASA-8083-15B
ISBN 978-1-61954-056-9	#ASA-8083-15B-2X
ISBN 978-1-61954-232-7	#ASA-8083-15B-EB
ISBN 978-1-61954-023-1	#ASA-8083-15B-PD
ISBN 978-1-61954-633-2	#ASA-8083-16B
ISBN 978-1-61954-637-0	#ASA-8083-16B-2X
ISBN 978-1-61954-634-9	#ASA-8083-16B-EB
ISBN 978-1-61954-636-3	#ASA-8083-16B-PD
ISBN 978-1-56027-762-0	#ASA-8083-19A-PD
ISBN 978-1-61954-481-9	#ASA-8083-1B
ISBN 978-1-61954-483-3	#ASA-8083-1B-2X
ISBN 978-1-61954-482-6	#ASA-8083-1B-PD
ISBN 978-1-61954-507-6	#ASA-8083-2.1
ISBN 978-1-61954-511-3	#ASA-8083-2.1-2X
ISBN 978-1-61954-508-3	#ASA-8083-2.1-EB
ISBN 978-1-61954-510-6	#ASA-8083-2.1-PD
ISBN 978-1-56027-957-0	#ASA-8083-21A
ISBN 978-1-61954-061-3	#ASA-8083-21A-2X
ISBN 978-1-56027-958-7	#ASA-8083-21A-PD
ISBN 978-1-56027-576-3	#ASA-8083-23
ISBN 978-1-61954-473-4	#ASA-8083-25B
ISBN 978-1-61954-477-2	#ASA-8083-25B-2X
ISBN 978-1-61954-474-1	#ASA-8083-25B-EB
ISBN 978-1-61954-476-5	#ASA-8083-25B-PD
ISBN 978-1-61954-618-9	#ASA-8083-27A.1
ISBN 978-1-56027-671-5	#ASA-8083-29
ISBN 978-1-61954-692-9	#ASA-8083-30A
ISBN 978-1-61954-696-7	#ASA-8083-30A-2X
ISBN 978-1-61954-693-6	#ASA-8083-30A-EB
ISBN 978-1-61954-695-0	#ASA-8083-30A-PD
ISBN 978-1-61954-826-8	#ASA-8083-31AV1
ISBN 978-1-61954-830-5	#ASA-8083-31AV12X
ISBN 978-1-61954-827-5	#ASA-8083-31AV1EB
ISBN 978-1-61954-829-9	#ASA-8083-31AV1PD
ISBN 978-1-61954-831-2	#ASA-8083-31AV2
ISBN 978-1-61954-835-0	#ASA-8083-31AV22X
ISBN 978-1-61954-832-9	#ASA-8083-31AV2EB
ISBN 978-1-61954-834-3	#ASA-8083-31AV2PD
ISBN 978-1-61954-836-7	#ASA-8083-32A
ISBN 978-1-61954-840-4	#ASA-8083-32A-2X
ISBN 978-1-61954-837-4	#ASA-8083-32A-EB
ISBN 978-1-61954-839-8	#ASA-8083-32A-PD
ISBN 978-1-61954-512-0	#ASA-8083-3B
ISBN 978-1-61954-516-8	#ASA-8083-3B-2X
ISBN 978-1-61954-513-7	#ASA-8083-3B-EB
ISBN 978-1-61954-515-1	#ASA-8083-3B-PD
ISBN 978-1-56027-758-3	#ASA-8083-6
ISBN 978-1-56027-749-1	#ASA-8083-9A
ISBN 978-1-61954-060-6	#ASA-8083-9A-2X
ISBN 978-1-56027-905-1	#ASA-8083-9A-PD
ISBN 978-1-61954-702-5	#ASA-AC00-45H1
ISBN 978-1-61954-706-3	#ASA-AC00-45H1-2X
ISBN 978-1-61954-703-2	#ASA-AC00-45H1-EB
ISBN 978-1-61954-705-6	#ASA-AC00-45H1-PD
ISBN 978-1-61954-443-7	#ASA-AC00-6B
ISBN 978-1-61954-447-5	#ASA-AC00-6B-2X
ISBN 978-1-61954-445-1	#ASA-AC00-6B-EB
ISBN 978-1-61954-444-4	#ASA-AC00-6B-PD
ISBN 978-1-61954-021-7	#ASA-AC43.13-1B2B
ISBN 978-1-61954-066-8	#ASA-AC43.13-2X
ISBN 978-1-61954-036-1	#ASA-AC43.13-PD
ISBN 978-1-61954-217-4	#ASA-ACC-REV
ISBN 978-1-61954-218-1	#ASA-ACC-REV-EB
ISBN 978-1-61954-220-4	#ASA-ACC-REV-PD
ISBN 978-1-56027-590-9	#ASA-ACD
ISBN 978-1-56027-461-2	#ASA-ACFT-SYS
ISBN 978-1-61954-772-8	#ASA-ACFT-SYS-EB
ISBN 978-1-61954-771-1	#ASA-ACFT-SYS-PD
ISBN 978-1-61954-471-0	#ASA-ACS-10A
ISBN 978-1-61954-747-6	#ASA-ACS-10A
ISBN 978-1-61954-749-0	#ASA-ACS-10A-EB
ISBN 978-1-61954-750-6	#ASA-ACS-10A-PD
ISBN 978-1-61954-750-6	#ASA-ACS-10A-PD
ISBN 978-1-61954-899-2	#ASA-ACS-11.1
ISBN 978-1-61954-900-5	#ASA-ACS-11.1-EB
ISBN 978-1-61954-902-9	#ASA-ACS-11.1-PD
ISBN 978-1-61954-712-4	#ASA-ACS-6B.1
ISBN 978-1-61954-907-4	#ASA-ACS-7A.1
ISBN 978-1-61954-908-1	#ASA-ACS-7A.1-EB
ISBN 978-1-61954-910-4	#ASA-ACS-7A.1-PD
ISBN 978-1-61954-627-1	#ASA-ACSYS-P
ISBN 978-1-61954-628-8	#ASA-ACSYS-P-EB
ISBN 978-1-61954-337-9	#ASA-AERODYN-2-2X
ISBN 978-1-61954-334-8	#ASA-AERODYN-2-EB
ISBN 978-1-61954-336-2	#ASA-AERODYN-2-PD
ISBN 978-1-61954-317-1	#ASA-AIR-CR2
ISBN 978-1-61954-321-8	#ASA-AIR-CR2-2X
ISBN 978-1-61954-318-8	#ASA-AIR-CR2-EB
ISBN 978-1-61954-320-1	#ASA-AIR-CR2-PD
ISBN 978-1-61954-209-9	#ASA-AIRPT-MGT
ISBN 978-1-61954-212-9	#ASA-AIRPT-MGT-2X
ISBN 978-1-61954-210-5	#ASA-AIRPT-MGT-EB
ISBN 978-1-61954-211-2	#ASA-AIRPT-MGT-PD
ISBN 978-1-61954-039-2	#ASA-AL-CP2-EB
ISBN 978-1-61954-040-8	#ASA-AL-CP2-PD
ISBN 978-1-61954-792-6	#ASA-AMA-20
ISBN 978-1-61954-793-3	#ASA-AMA-20-PD
ISBN 978-1-61954-790-2	#ASA-AMG-20
ISBN 978-1-61954-791-9	#ASA-AMG-20-PD
ISBN 978-1-61954-794-0	#ASA-AMP-20
ISBN 978-1-61954-795-7	#ASA-AMP-20-PD
ISBN 978-1-61954-517-5	#ASA-AMT-G4
ISBN 978-1-61954-519-9	#ASA-AMT-G4-2X
ISBN 978-1-61954-643-1	#ASA-AMT-G4-EB
ISBN 978-1-619540-518-2	#ASA-AMT-G4-PD
ISBN 978-1-61954-645-5	#ASA-AMT-P4
ISBN 978-1-61954-649-3	#ASA-AMT-P4-2X
ISBN 978-1-61954-646-2	#ASA-AMT-P4-EB
ISBN 978-1-61954-648-6	#ASA-AMT-P4-PD
ISBN 978-1-61954-069-9	#ASA-AMT-STRC3-2X
ISBN 978-1-56027-845-0	#ASA-AMT-STRC3-PD
ISBN 978-1-56027-712-5	#ASA-AMT-STRUC-3H
ISBN 978-1-61954-070-5	#ASA-AMT-SYS3-2X
ISBN 978-1-56027-685-2	#ASA-AMT-SYS-3H
ISBN 978-1-56027-846-7	#ASA-AMT-SYS3-PD
ISBN 978-1-61954-017-0	#ASA-ANA
ISBN 978-0-97682-740-5	#ASA-ARTFUL-FLY
ISBN 978-1-61954-092-7	#ASA-ATC-3
ISBN 978-1-61954-167-2	#ASA-ATC-3-2X
ISBN 978-1-61954-165-8	#ASA-ATC-3-EB
ISBN 978-1-61954-166-5	#ASA-ATC-3-PD
ISBN 978-1-56027-424-7	#ASA-ATC-WX
ISBN 978-1-61954-455-0	#ASA-ATP-INT-3
ISBN 978-1-61954-456-7	#ASA-ATP-INT-3-EB
ISBN 978-1-61954-458-1	#ASA-ATP-INT-3-PD
ISBN 978-1-61954-310-2	#ASA-ATP-MATH-2-EB
ISBN 978-1-61954-312-6	#ASA-ATP-MATH-2-PD
ISBN 978-1-56027-731-6	#ASA-AV-XWORDS
ISBN 978-1-61954-585-4	#ASA-BFT
ISBN 978-1-61954-586-1	#ASA-BFT-EB
ISBN 978-1-61954-587-8	#ASA-BFT-PD
ISBN 978-1-56027-720-0	#ASA-C21FT
ISBN 978-1-61954-853-4	#ASA-CAP-6
ISBN 978-1-61954-857-2	#ASA-CAP-6-2X
ISBN 978-1-61954-854-1	#ASA-CAP-6-EB
ISBN 978-1-61954-856-5	#ASA-CAP-6-PD
ISBN 978-1-56027-682-1	#ASA-CARAVAN
ISBN 978-1-61954-033-0	#ASA-CARDS-R22
ISBN 978-1-61954-034-7	#ASA-CARDS-TH67
ISBN 978-1-61954-429-1	#ASA-CFI-SG
ISBN 978-1-61954-430-7	#ASA-CFI-SG-EB
ISBN 978-1-61954-329-4	#ASA-CKLIST-6
ISBN 978-1-61954-330-0	#ASA-CKLIST-6-EB
ISBN 978-1-61954-332-4	#ASA-CKLIST-6-PD
ISBN 978-1-56027-636-4	#ASA-COCKPIT-AUTO
ISBN 978-1-56027-721-7	#ASA-COCKPIT-PRO
ISBN 978-1-56027-584-8	#ASA-COMM-VFR
ISBN 978-1-61954-204-4	#ASA-COMP-101
ISBN 978-1-61954-205-1	#ASA-COMP-101-EB
ISBN 978-1-61954-207-5	#ASA-COMP-101-PD
ISBN 978-1-61954-762-9	#ASA-COMPOSITE-2
ISBN 978-1-61954-766-7	#ASA-COMPOSITE2-2X
ISBN 978-1-61954-763-6	#ASA-COMPOSITE2-EB
ISBN 978-1-61954-765-0	#ASA-COMPOSITE2-PD
ISBN 978-1-56027-460-5	#ASA-CON-GEAR
ISBN 978-1-61954-863-3	#ASA-CUG-13
ISBN 978-1-61954-864-0	#ASA-CUG-13-2X
ISBN 978-1-61954-865-7	#ASA-CUG-13-PD
ISBN 978-1-61954-577-9	#ASA-DAT-6
ISBN 978-1-61954-578-6	#ASA-DAT-6-EB
ISBN 978-1-61954-580-9	#ASA-DAT-6-PD
ISBN 978-1-56027-865-8	#ASA-DC-3
ISBN 978-1-56027-883-2	#ASA-DC-3-EB
ISBN 978-1-56027-884-9	#ASA-DC-3-PD
ISBN 978-1-61954-406-2	#ASA-DOUGLAS
ISBN 978-1-61954-407-9	#ASA-DOUGLAS-EB
ISBN 978-1-61954-409-3	#ASA-DOUGLAS-PD
ISBN 1-56027-586-3	#ASA-F2F-FW-PF
ISBN 978-1-61954-035-4	#ASA-F2F-ROTAX-2
ISBN 978-1-56027-369-1	#ASA-FAW
ISBN 978-1-61954-343-0	#ASA-FIND
ISBN 978-1-61954-344-7	#ASA-FIND-EB
ISBN 978-1-61954-346-1	#ASA-FIND-PD
ISBN 978-1-56027-195-6	#ASA-FLIERS
ISBN 978-1-56027-786-6	#ASA-FLY-CARP-EB
ISBN 978-1-56027-622-7	#ASA-FLY-CARPET
ISBN 978-1-61954-200-6	#ASA-FLY-IFR-5
ISBN 978-1-61954-201-3	#ASA-FLY-IFR-5-EB
ISBN 978-1-56027-607-4	#ASA-FLY-RG
ISBN 978-1-61954-642-4	#ASA-FLY-WING4-2X
ISBN 978-1-61954-639-4	#ASA-FLY-WING4-EB
ISBN 978-1-61954-641-7	#ASA-FLY-WING4-PD
ISBN 978-1-61954-213-6	#ASA-FM-ADV-8
ISBN 978-1-61954-215-0	#ASA-FM-ADV-8-2X
ISBN 978-1-61954-216-7	#ASA-FM-ADV-8-EB
ISBN 978-1-61954-214-3	#ASA-FM-ADV-8-PD
ISBN 978-1-61954-100-9	#ASA-FM-AERO-2
ISBN 978-1-61954-100-9	#ASA-FM-AERO-2
ISBN 978-1-61954-101-6	#ASA-FM-AERO-2-PD
ISBN 978-1-61954-613-4	#ASA-FM-CFI-6
ISBN 978-1-61954-615-8	#ASA-FM-CFI-6-2X
ISBN 978-1-61954-616-5	#ASA-FM-CFI-6-EB
ISBN 978-1-61954-614-1	#ASA-FM-CFI-6-PD
ISBN 978-1-61954-866-4	#ASA-FM-INST-8
ISBN 978-1-61954-870-1	#ASA-FM-INST-8-2X
ISBN 978-1-61954-867-1	#ASA-FM-INST-8-EB
ISBN 978-1-61954-869-5	#ASA-FM-INST-8-PD
ISBN 978-1-61954-581-6	#ASA-FM-STU-11
ISBN 978-1-61954-584-7	#ASA-FM-STU-11-2X
ISBN 978-1-61954-582-3	#ASA-FM-STU-11-EB
ISBN 978-1-61954-583-0	#ASA-FM-STU-11-PD
ISBN 978-1-56027-109-3	#ASA-FS-KT
ISBN 978-1-56027-643-2	#ASA-GAL-WINGS
ISBN 978-1-61954-046-0	#ASA-GAL-WINGS-EB
ISBN 978-1-56027-312-7	#ASA-GNP-2
ISBN 978-1-61954-419-2	#ASA-GS-I-X
ISBN 978-1-61954-779-7	#ASA-GS-PVT-X
ISBN 978-1-56027-708-8	#ASA-GYF
ISBN 978-1-56027-785-9	#ASA-GYF-EB
ISBN 978-1-56566-005-2	#ASA-HBUC-ART
ISBN 978-1-56027-891-7	#ASA-HELI-FM
ISBN 978-1-56027-907-5	#ASA-HELI-FM-EB
ISBN 978-1-56027-908-2	#ASA-HELI-FM-PD
ISBN 978-1-56566-034-2	#ASA-HTAY-FAIRWX
ISBN 978-1-56566-002-1	#ASA-HTAY-UNDST
ISBN 978-1-61954-823-7	#ASA-IA-8
ISBN 1-56027-335-6	#ASA-IFR-REF
ISBN 978-1-56027-624-1	#ASA-JOB-HUNT
ISBN 0-9714266-0-0	#ASA-JOB-SRCH
ISBN 978-1-61954-490-1	#ASA-LESSON-PLAN2
ISBN 978-0-916413-27-9	#ASA-LESSONS-LOG
ISBN 978-1-61954-491-8	#ASA-LESS-PLN2-EB
ISBN 978-1-61954-493-2	#ASA-LESS-PLN2-PD
ISBN 978-1-56027-616-6	#ASA-LOG-FLT
ISBN 978-1-56027-616-6	#ASA-LOG-FLT
ISBN 978-1-56027-510-7	#ASA-MATH-2
ISBN 978-1-56027-717-0	#ASA-MED-HNDBK
ISBN 978-1-61954-494-9	#ASA-MHB-7
ISBN 978-1-61954-495-6	#ASA-MHB-7-PD
ISBN 978-1-61954-593-9	#ASA-MIDALT
ISBN 978-1-61954-594-6	#ASA-MIDALT-EB
ISBN 978-1-61954-595-3	#ASA-MIDALT-PD
ISBN 978-1-61954-741-4	#ASA-MOUNTAIN
ISBN 978-1-61954-745-2	#ASA-MOUNTAIN-2X
ISBN 978-1-61954-742-1	#ASA-MOUNTAIN-EB
ISBN 978-1-61954-744-5	#ASA-MOUNTAIN-PD
ISBN 978-1-61954-736-0	#ASA-MPT-4
ISBN 978-1-61954-740-7	#ASA-MPT-4-2X
ISBN 978-1-61954-737-7	#ASA-MPT-4-EB
ISBN 978-1-61954-739-1	#ASA-MPT-4-PD
ISBN 978-1-56027-542-8	#ASA-NIGHT
ISBN 978-1-61954-858-9	#ASA-NO-CRASH
ISBN 978-1-61954-859-6	#ASA-NO-CRASH-EB
ISBN 978-1-61954-861-9	#ASA-NO-CRASH-PD
ISBN 978-1-56027-558-9	#ASA-NSI-2
ISBN 978-1-61954-190-0	#ASA-NTC
ISBN 978-1-61954-191-7	#ASA-NTC-EB
ISBN 978-1-61954-193-1	#ASA-NTC-PD
ISBN 978-1-61954-894-7	#ASA-OEG-ADX3
ISBN 978-1-61954-898-5	#ASA-OEG-ADX3-2X
ISBN 978-1-61954-895-4	#ASA-OEG-ADX3-EB
ISBN 978-1-61954-897-8	#ASA-OEG-ADX3-PD
ISBN 978-1-61954-410-9	#ASA-OEG-AMT3
ISBN 978-1-61954-411-6	#ASA-OEG-AMT3-EB
ISBN 978-1-61954-413-0	#ASA-OEG-AMT3-PD
ISBN 978-1-61954-620-2	#ASA-OEG-ATP4
ISBN 978-1-61954-621-9	#ASA-OEG-ATP4-EB
ISBN 978-1-61954-728-5	#ASA-OEG-ATP4-PD
ISBN 978-1-61954-082-8	#ASA-OEG-BFR7
ISBN 978-1-61954-083-5	#ASA-OEG-BFR7-EB
ISBN 978-1-61954-731-5	#ASA-OEG-BFR7-PD 
ISBN 978-1-61954-624-0	#ASA-OEG-C9
ISBN 978-1-61954-625-7	#ASA-OEG-C9-EB
ISBN 978-1-61954-726-1	#ASA-OEG-C9-PD
ISBN 978-1-61954-503-8	#ASA-OEG-CFI7
ISBN 978-1-61954-504-5	#ASA-OEG-CFI7-EB 
ISBN 978-1-61954-727-8	#ASA-OEG-CFI7-PD
ISBN 978-1-61954-010-1	#ASA-OEG-H2
ISBN 978-1-61954-011-8	#ASA-OEG-H2-EB
ISBN 978-1-61954-730-8	#ASA-OEG-H2-PD 
ISBN 978-1-61954-598-4	#ASA-OEG-I9
ISBN 978-1-61954-599-1	#ASA-OEG-I9-EB
ISBN 978-1-61954-725-4	#ASA-OEG-I9-PD
ISBN 978-1-61954-462-8	#ASA-OEG-ME7
ISBN 978-1-61954-463-5	#ASA-OEG-ME7-EB
ISBN 978-1-61954-729-2	#ASA-OEG-ME7-PD
ISBN 978-1-61954-459-8	#ASA-OEG-P11
ISBN 978-1-61954-724-7	#ASA-OEG-P11-PD
ISBN 978-1-56027-681-4	#ASA-PC-SIMS
ISBN 978-1-61954-030-9	#ASA-PERF-TOL
ISBN 978-1-61954-031-6	#ASA-PERF-TOL-EB
ISBN 978-1-56027-212-0	#ASA-PG-C-152
ISBN 978-1-56027-211-3	#ASA-PG-C-172
ISBN 978-1-56027-215-1	#ASA-PG-PA-28C
ISBN 978-1-56027-216-8	#ASA-PG-PA-38
ISBN 1-56027-447-6	#ASA-PG-R-22
ISBN 978-1-56027-649-4	#ASA-PHF-2
ISBN 978-1-61954-309-6	#ASA-PHF-2-2X
ISBN 978-1-61954-299-0	#ASA-PHF-2-PD
ISBN 978-1-61954-465-9	#ASA-PIC-2
ISBN 978-1-61954-466-6	#ASA-PIC-2-EB
ISBN 978-1-56027-425-4	#ASA-PLT-TEST
ISBN 978-1-61954-498-7	#ASA-PM-1C
ISBN 978-1-61954-500-7	#ASA-PM-1C-2X
ISBN 978-1-61954-501-4	#ASA-PM-1C-EB
ISBN 978-1-61954-438-3	#ASA-PM-2C
ISBN 978-1-61954-442-0	#ASA-PM-2C-2X
ISBN 978-1-61954-439-0	#ASA-PM-2C-EB
ISBN 978-1-61954-441-3	#ASA-PM-2C-PD
ISBN 978-1-61954-572-4	#ASA-PM-3D
ISBN 978-1-61954-576-2	#ASA-PM-3D-2X
ISBN 978-1-61954-573-1	#ASA-PM-3D-EB
ISBN 978-1-61954-575-5	#ASA-PM-3D-PD
ISBN 978-1-56027-734-7	#ASA-PM-AF
ISBN 978-1-61954-074-3	#ASA-PM-AF-2X
ISBN 978-1-61954-390-4	#ASA-PM-AF-EB
ISBN 978-1-56027-836-8	#ASA-PM-AF-PD
ISBN 978-1-61954-697-4	#ASA-PM-ATP
ISBN 978-1-61954-701-8	#ASA-PM-ATP-2X
ISBN 978-1-61954-698-1	#ASA-PM-ATP-EB
ISBN 978-1-61954-700-1	#ASA-PM-ATP-PD
ISBN 978-1-61954-266-2	#ASA-PM-ME
ISBN 978-1-61954-268-6	#ASA-PM-ME-2
ISBN 978-1-61954-269-3	#ASA-PM-ME-EB
ISBN 978-1-61954-267-9	#ASA-PM-ME-PD
ISBN 978-1-61954-862-6	#ASA-PM-S-ATP2-PD
ISBN 978-1-61954-883-1	#ASA-PM-S-P7
ISBN 978-1-56027-281-6	#ASA-PP-1
ISBN 978-1-61954-000-2	#ASA-PP-1-EB
ISBN 978-1-56027-282-3	#ASA-PP-2
ISBN 978-1-61954-002-6	#ASA-PP-2-EB
ISBN 978-1-56027-283-0	#ASA-PP-3
ISBN 978-1-61954-004-0	#ASA-PP-3-EB
ISBN 978-1-56027-456-8	#ASA-PP-SET
ISBN 978-1-61954-322-5	#ASA-PPT-12
ISBN 978-1-61954-324-9	#ASA-PPT-12-2X
ISBN 978-1-61954-325-6	#ASA-PPT-12-EB
ISBN 978-1-61954-323-2	#ASA-PPT-12-PD
ISBN 978-1-61954-822-0	#ASA-PPT-S6
ISBN 978-1-61954-707-0	#ASA-PRACT-CFI2
ISBN 978-1-61954-195-5	#ASA-PRACT-PVT
ISBN 978-1-61954-199-3	#ASA-PRACT-PVT-2X
ISBN 978-1-61954-196-2	#ASA-PRACT-PVT-EB
ISBN 978-1-61954-198-6	#ASA-PRACT-PVT-PD
ISBN 978-1-61954-271-6	#ASA-PRCT-AV-LAW6
ISBN 978-1-61954-276-1	#ASA-PRCT-AV-WK6
ISBN 978-1-61954-711-7	#ASA-PRCT-CFI2-2X
ISBN 978-1-61954-708-7	#ASA-PRCT-CFI2-EB
ISBN 978-1-61954-308-9	#ASA-PRCT-LAW6-2X
ISBN 978-1-61954-272-3	#ASA-PRCT-LAW6-EB
ISBN 978-1-61954-274-7	#ASA-PRCT-LAW6-PD
ISBN 978-1-61954-308-9	#ASA-PRCT-LWK6-2X
ISBN 978-1-61954-284-6	#ASA-PRCT-LWK6-EB
ISBN 978-1-61954-307-2	#ASA-PRCT-LWK6-PD
ISBN 978-1-61954-347-8	#ASA-PR-ELEC
ISBN 978-1-61954-506-9	#ASA-PR-ELEC-2X
ISBN 978-1-61954-348-5	#ASA-PR-ELEC-EB
ISBN 978-1-61954-350-8	#ASA-PR-ELEC-PD
ISBN 978-1-61954-157-3	#ASA-PRO-FLY-DVD
ISBN 978-1-56027-709-5	#ASA-PRO-PILOT-3
ISBN 978-1-61954-008-8	#ASA-PRO-PILOT-EB
ISBN 978-1-61954-109-2	#ASA-RISK
ISBN 978-1-61954-113-9	#ASA-RISK-2X
ISBN 978-1-61954-110-8	#ASA-RISK-EB
ISBN 978-1-61954-112-2	#ASA-RISK-PD
ISBN 978-1-61954-562-5	#ASA-RPT
ISBN 978-1-61954-566-3	#ASA-RPT-2X
ISBN 978-1-61954-563-2	#ASA-RPT-EB
ISBN 978-1-61954-565-6	#ASA-RPT-PD
ISBN 978-1-56027-118-5	#ASA-RW-4
ISBN 978-1-56027-419-3	#ASA-SA-1
ISBN 978-1-56027-117-8	#ASA-SA-2
ISBN 978-1-61954-774-2	#ASA-SAP-6
ISBN 978-1-61954-881-7	#ASA-SAP-6-2X
ISBN 978-1-61954-775-9	#ASA-SAP-6-EB
ISBN 978-1-61954-777-3	#ASA-SAP-6-PD
ISBN 978-1-61954-183-2	#ASA-SA-V2
ISBN 978-1-56027-416-2	#ASA-SE-1
ISBN 978-1-56027-326-4	#ASA-SE-2
ISBN 978-1-61954-300-3	#ASA-SFI-2
ISBN 978-1-61954-301-0	#ASA-SFI-2-EB
ISBN 978-1-61954-303-4	#ASA-SFI-2-PD
ISBN 978-1-56027-556-5	#ASA-SHORT-APP
ISBN 978-1-61954-884-8	#ASA-SMS-2
ISBN 978-1-56027-653-1	#ASA-SP-10
ISBN 978-1-56027-328-8	#ASA-SP-30
ISBN 978-1-56027-329-5	#ASA-SP-40
ISBN 978-1-56027-330-1	#ASA-SP-57
ISBN 978-1-56027-889-4	#ASA-SP-6
ISBN 978-1-56027-333-2	#ASA-SP-AMT
ISBN 978-1-61954-623-3	#ASA-SP-EASA
ISBN 978-1-56027-400-1	#ASA-SP-FC
ISBN 978-1-56027-761-3	#ASA-SP-FLT-2
ISBN 978-1-61954-277-8	#ASA-SP-INK
ISBN 978-1-56027-418-6	#ASA-SP-L
ISBN 978-1-56027-502-2	#ASA-SPT
ISBN 978-1-61954-472-7	#ASA-SP-UAS1
ISBN 978-1-61954-414-7	#ASA-SWF-4
ISBN 978-1-61954-415-4	#ASA-SWF-4-EB
ISBN 978-1-61954-417-8	#ASA-SWF-4-PD
ISBN 978-1-61954-589-2	#ASA-TAILDRAG
ISBN 978-1-61954-590-8	#ASA-TAILDRAG-EB
ISBN 978-1-61954-591-5	#ASA-TAILDRAG-PD
ISBN 978-1-61954-849-7	#ASA-TCHFLT
ISBN 978-1-61954-850-3	#ASA-TCHFLT-EB
ISBN 978-1-61954-852-7	#ASA-TCHFLT-PD
ISBN 978-1-61954-280-8	#ASA-TIPS-EB
ISBN 978-1-61954-282-2	#ASA-TIPS-PD
ISBN 978-1-56027-555-8	#ASA-TO-LDG
ISBN 978-1-56027-819-1	#ASA-TO-LDG-EB
ISBN 978-1-61954-813-8	#ASA-TP
ISBN 978-1-61954-788-9	#ASA-TP-ATP-20
ISBN 978-1-61954-820-6	#ASA-TPB-AMA-20
ISBN 978-1-61954-819-0	#ASA-TPB-AMG-20
ISBN 978-1-61954-821-3	#ASA-TPB-AMP-20
ISBN 978-1-61954-818-3	#ASA-TPB-ATP-20
ISBN 978-1-61954-816-9	#ASA-TPB-C-20
ISBN 978-1-61954-817-6	#ASA-TPB-CFI-20
ISBN 978-1-61954-815-2	#ASA-TPB-I-20
ISBN 978-1-61954-825-1	#ASA-TPB-IA8
ISBN 978-1-61954-814-5	#ASA-TPB-PVT-20
ISBN 978-1-61954-813-8	#ASA-TPB-UAS-20
ISBN 978-1-61954-784-1	#ASA-TP-C-20
ISBN 978-1-61954-785-8	#ASA-TP-C-20-PD
ISBN 978-1-61954-786-5	#ASA-TP-CFI-20
ISBN 978-1-61954-787-2	#ASA-TP-CFI-20-PD
ISBN 978-1-56027-583-1	#ASA-TP-FE
ISBN 978-1-61954-782-7	#ASA-TP-I-20
ISBN 978-1-61954-783-4	#ASA-TP-I-20-PD
ISBN 978-1-61954-780-3	#ASA-TP-P-20
ISBN 978-1-61954-781-0	#ASA-TP-PVT-20-PD
ISBN 978-1-61954-796-4	#ASA-TP-UAS-20
ISBN 978-1-61954-797-1	#ASA-TP-UAS-20-PD
ISBN 978-1-61954-732-2	#ASA-TRAIN-FLY2
ISBN 978-1-61954-733-9	#ASA-TRAIN-FLY2EB
ISBN 978-1-61954-735-3	#ASA-TRAIN-FLY2PD
ISBN 978-1-61954-919-7	#ASA-TURB-PLT4
ISBN 978-1-61954-882-4	#ASA-TURB-PLT4-2X
ISBN 978-1-61954-920-3	#ASA-TURB-PLT4-EB
ISBN 978-1-61954-922-7	#ASA-TURB-PLT4-PD
ISBN 978-1-61954-877-0	#ASA-TW-AMA-20
ISBN 978-1-61954-876-3	#ASA-TW-AMG-20
ISBN 978-1-61954-878-7	#ASA-TW-AMP-20
ISBN 978-1-61954-879-4	#ASA-TW-AMT-20
ISBN 978-1-61954-875-6	#ASA-TW-ATP-FE-20
ISBN 978-1-61954-873-2	#ASA-TW-C-20
ISBN 978-1-61954-874-9	#ASA-TW-CFI-20
ISBN 978-1-61954-872-5	#ASA-TW-I-20
ISBN 978-1-61954-778-0	#ASA-TW-IA-8
ISBN 978-1-56027-414-8	#ASA-TWINS
ISBN 978-1-61954-871-8	#ASA-TW-PVT-20
ISBN 978-1-61954-880-0	#ASA-TW-UAS-20
ISBN 978-1-61954-433-8	#ASA-UAS-DRONE
ISBN 978-1-61954-437-6	#ASA-UAS-DRONE-2X
ISBN 978-1-61954-434-5	#ASA-UAS-DRONE-EB
ISBN 978-1-61954-436-9	#ASA-UAS-DRONE-PD
ISBN 978-1-61954-488-8	#ASA-VFM-HI-4
ISBN 978-1-61954-486-4	#ASA-VFM-LO-4
ISBN 978-1-61954-487-1	#ASA-VFM-LO-4-PD
ISBN 978-1-61954-194-8	#ASA-VTP-FLIGHT
ISBN 978-1-61954-631-8	#ASA-VTP-HELI
ISBN 978-1-61954-156-6	#ASA-VTP-I
ISBN 978-1-61954-770-4	#ASA-VTP-PVT4
ISBN 978-1-61954-746-9	#ASA-VTP-UAS
ISBN 1-56027-543-5	#ASA-YCF
ISBN 978-1-56027-791-0	#ASA-YCF-EB